{
    "loss": {
        "train": [
            0.43449324564898717,
            0.2091170913156341,
            0.1712813831646653,
            0.14368542981717516,
            0.12869129098732682,
            0.11964938992743983,
            0.10179671049446744,
            0.10269580398960149,
            0.09556466759894701,
            0.08987967673141291
        ],
        "val": []
    },
    "acc": {
        "train": [
            0.8526470588235294,
            0.9263235294117647,
            0.9383823529411764,
            0.9491775599128539,
            0.9527941176470588,
            0.956162854030501,
            0.963341503267974,
            0.9629411764705882,
            0.9661764705882353,
            0.96625
        ],
        "val": []
    }
}