{
    "loss": {
        "train": [
            0.32704352778098394,
            0.1709060542582766,
            0.13335350781084507,
            0.11791275630534535,
            0.09717659620095936,
            0.08628740133673932,
            0.08668268726867549,
            0.07098892739068874,
            0.05963680669370199,
            0.053465603192734745
        ],
        "val": [
            0.2456829814861218,
            0.16407395604376993,
            0.19455970684066415,
            0.12356994689131777,
            0.15987072640564293,
            0.1662773701051871,
            0.1583821775081257,
            0.15703171860271445,
            0.14372102229390293,
            0.16349589778110385
        ]
    },
    "acc": {
        "train": [
            0.8775593375065206,
            0.9359785254738306,
            0.952831572769953,
            0.9576459528777603,
            0.964881107633455,
            0.9681359763519388,
            0.9675953095113893,
            0.9732709528777603,
            0.9803865632063988,
            0.979900234741784
        ],
        "val": [
            0.8970519497863249,
            0.9455462072649573,
            0.9299712873931624,
            0.9624732905982906,
            0.951171875,
            0.9421073717948718,
            0.9503372061965812,
            0.9468482905982906,
            0.9607538728632479,
            0.9492688301282052
        ]
    }
}